Brand,Type
Monopolowa,vodka
Belaya Rus,vodka
Kryshtal Etalon,vodka
Minsk Kristall,vodka
Platinka,vodka
Crystal Head,vodka
Iceberg,vodka
Pearl,vodka
Polar Ice,vodka
Schramm Organic,vodka
Danzka,vodka
Frïs,vodka
Blue Diamond,vodka
Kihnu Mark,vodka
Viru Valge,vodka
Finlandia,vodka
Koskenkorva,vodka
Kors Vodka,vodka
Ström,vodka
Cîroc,vodka
Dragon Bleu,vodka
Grey Goose,vodka
Jean-Marc XO,vodka
Mariette,vodka
Eristoff,vodka
Kleiner Feigling,vodka
Magic Spirits,vodka
Rachmaninoff,vodka
Wodka Gorbatschow,vodka
Zaranoff,vodka
Royal Dragon,vodka
Reyka,vodka
Romanov,vodka
White Mischief,vodka
L'Chaim,vodka
Keglevich,vodka
VKA Vodka,vodka
Roberto Cavalli,vodka
Kissui,vodka
Clique,vodka
Latvijas Balzams,vodka
Stumbras,vodka
Oso Negro,vodka
Villa Lobos,vodka
Chinggis,vodka
Bols,vodka
Bong Spirit,vodka
Hooghoudt,vodka
Ketel One,vodka
Ursus,vodka
Van Gogh,vodka
Vox,vodka
42 Below,vodka
Vikingfjord,vodka
Murree's Vodka,vodka
Bolskaya,vodka
Absolwent,vodka
Belvedere,vodka
Biała Dama,vodka
Chopin,vodka
Ck Vodka,vodka
Krupnik,vodka
Luksusowa,vodka
Łańcut,vodka
Polonaise,vodka
Siwucha,vodka
Sobieski,vodka
Soplica,vodka
Starka,vodka
Ultimat,vodka
Wisent,vodka
Wyborowa,vodka
Żołądkowa Gorzka,vodka
Żubrówka,vodka
Zytnia,vodka
Gold Symphony,vodka
Hrenovuha,vodka
Kauffman,vodka
Kizlyarka,vodka
Kubanskaya,vodka
Moskovskaya,vodka
Narodnaya,vodka
Putinka,vodka
Pyatizvyozdnaya,vodka
Rodnik,vodka
Ruskova,vodka
Russian Standard,vodka
Shustov,vodka
Stolichnaya,vodka
Stolnaya,vodka
Youri Dolgoruki,vodka
Double Cross,vodka
V44,vodka
Han,vodka
Absolut,vodka
Explorer,vodka
Karlsson's,vodka
Level,vodka
Pinky Vodka,vodka
Purity Vodka,vodka
Renat vodka,vodka
Svedka,vodka
Xellent Swiss,vodka
Khlibnyi Dar,vodka
Khortytsia,vodka
Nemiroff,vodka
Adnams,vodka
Chase,vodka
Glen's,vodka
Isensua,vodka
Three Olives,vodka
Vladivar,vodka
Anestasia Vodka,vodka
Bowman's,vodka
Boyd & Blair,vodka
Cirrus,vodka
Dubra,vodka
Firefly,vodka
Fleischmann's,vodka
Grand Teton,vodka
Hangar 1,vodka
Leopold Bros.,vodka
Lotus,vodka
New Amsterdam,vodka
Nikolai,vodka
Orloff,vodka
Pinnacle,vodka
Popov,vodka
Rain,vodka
SAVVY Vodka,vodka
SKYY,vodka
Square One Organic,vodka
Tito's,vodka
UV,vodka
VÄD,vodka
Vodka 14,vodka
Smirnoff,vodka
Jack Daniels,whisky
Johnnie Walker,whisky
Gordon MacPhail,whisky
Highland Park,whisky
Jim Beam,whisky
Barrell Craft Spirits,whisky
Glenmorangie,whisky
Bruichladdich,whisky
The Macallan,whisky
The Glenlivet,whisky
The Balvenie,whisky
Crown Royal,whisky
Bird Dog Whiskey,whisky
Glenfiddich,whisky
Ole Smoky,whisky
Woodford Reserve,whisky
Dalmore,whisky
Knob Creek,whisky
Buffalo Trace,whisky
Ardbeg,whisky
Bowmore,whisky
Willett,whisky
Alexander Murray,whisky
Wild Turkey Bourbon,whisky
Makers Mark,whisky
Canadian Club,whisky
Jameson Irish Whiskey,whisky
WhistlePig,whisky
The Glenrothes,whisky
Laphroaig,whisky
High West,whisky
Jeffersons Reserve,whisky
Dewars,whisky
Arran,whisky
The GlenDronach,whisky
Tattersall,whisky
Springbank,whisky
Chivas,whisky
Glen Moray,whisky
Bully Boy,whisky
Laws Whiskey House,whisky
Journeyman,whisky
Orphan Barrel,whisky
Nikka,whisky
Benromach,whisky
Cadenhead,whisky
Rogue Ales Spirits,whisky
Rebel Yell,whisky
Monarch,whisky
Glengoyne,whisky
Old Forester,whisky
Michters,whisky
Pinhook,whisky
Few Spirits,whisky
Heaven Hill,whisky
Four Roses,whisky
Jp Wiser,whisky
Evan Williams Whiskey,whisky
Talisker,whisky
Kavalan,whisky
Bunnahabhain,whisky
Tomintoul,whisky
Tomatin,whisky
Junior Johnsons Midnight Moon,whisky
Jeffersons Bourbon,whisky
Cardinal Spirits,whisky
Kilchoman,whisky
OOLA,whisky
Prichards,whisky
Dancing Pines,whisky
West Fork,whisky
Revel Stoke,whisky
Forty Creek,whisky
Bushmills,whisky
Tullamore Dew,whisky
Caol Ila,whisky
Idlewild Spirits,whisky
Speyburn,whisky
Yellow Rose,whisky
Van Brunt Stillhouse,whisky
Glendalough,whisky
Sagamore Spirit,whisky
Redemption,whisky
Catoctin Creek,whisky
Tenth Ward,whisky
Aberlour,whisky
Auchentoshan,whisky
Paul John,whisky
Balblair,whisky
Wemyss Malts,whisky
George Dickel,whisky
Smooth Ambler,whisky
Westland,whisky
Jeremiah Weed,whisky
Bulleit,whisky
Charbay,whisky
Mile High Spirits,whisky
SanTan Spirits,whisky
Driftless Glen,whisky
Hirsch,whisky
Lagavulin,whisky
Tullibardine,whisky
Old Pulteney,whisky
Glen Grant,whisky
Filibuster,whisky
Dry Fly,whisky
Sons of Liberty,whisky
Wigle,whisky
Fireball,whisky
The Whistler,whisky
1835 Lone Star,whisky
Surf City Still Works,whisky
Knappogue Castle,whisky
Basil Haydens,whisky
Hotel Tango,whisky
Republic Restoratives,whisky
New Holland,whisky
Singleton,whisky
Jura,whisky
Mortlach,whisky
Penderyn,whisky
Deanston,whisky
Ancient Age,whisky
A.D. Rattray,whisky
The Famous Grouse,whisky
Loch Lomond,whisky
anCnoc,whisky
Adelphi,whisky
Stillhouse,whisky
Hudson,whisky
Seven Stills,whisky
Ransom,whisky
Spirit Works,whisky
Stone Barn Brandyworks,whisky
Teeling,whisky
Redbreast,whisky
Widow Jane,whisky
Penningtons,whisky
J. Carver,whisky
Oban,whisky
Glen Garioch,whisky
Edradour,whisky
W.L. Weller,whisky
1792 Bourbon,whisky
Bookers,whisky
Belle Meade,whisky
Garrison Brothers,whisky
Buchanans,whisky
Glenfarclas,whisky
Early Times,whisky
Ezra Brooks,whisky
Wyoming Whiskey,whisky
Feisty Spirits,whisky
Batch 206,whisky
Two James,whisky
Downslope,whisky
William Wolf,whisky
3 Howls,whisky
OYO,whisky
11 Wells,whisky
Bellows,whisky
Rich Rare,whisky
Casa Maestri,whisky
Ballotin,whisky
Dumbass Whiskey,whisky
Powers,whisky
The Yamazaki,whisky
Akashi,whisky
The Kurayoshi,whisky
Templeton,whisky
Angels Envy,whisky
Russells Reserve,whisky
Fremont Mischief,whisky
Traverse City,whisky
Oak Eden,whisky
Rough Rider,whisky
Kentucky Owl,whisky
Ranger Creek,whisky
Old Rip Van Winkle,whisky
Blinking Owl,whisky
Dalwhinnie,whisky
Altitude Spirits,whisky
Belle Isle,whisky
Calumet,whisky
Tower 56,whisky
Duncan Taylor,whisky
Longrow,whisky
Calvert,whisky
Seagrams 7,whisky
Texas Ranger,whisky
10th Mountain,whisky
Wiggly Bridge,whisky
Cedar Ridge,whisky
Boondocks,whisky
Clyde Mays,whisky
Kinsey,whisky
Sam Houston,whisky
Red River,whisky
Samaroli,whisky
Pendleton,whisky
Canadian Hunter,whisky
Midleton,whisky
Irishman,whisky
Grand Ten,whisky
Hibiki,whisky
Kaiyo,whisky
Ohishi,whisky
Matsui,whisky
James E. Pepper,whisky
"E.H. Taylor, Jr.",whisky
Alberta,whisky
Far North,whisky
Malahat,whisky
Timber Creek,whisky
Huber Starlight,whisky
Kozuba Sons,whisky
Amrut,whisky
Cragganmore,whisky
William Grant Sons,whisky
Lismore,whisky
Scapa,whisky
American Born,whisky
Kupu Spirits,whisky
Horse Soldier,whisky
Joseph Magnus,whisky
Cleveland,whisky
Beak Skiff,whisky
Parkers Heritage,whisky
Label 5,whisky
Cutty Sark,whisky
Usquaebach,whisky
Grand Macnish,whisky
Stranahans,whisky
Stolen,whisky
Bainbridge,whisky
Tatoosh,whisky
Tim Smiths Climax,whisky
2bar Spirits,whisky
Troy Sons,whisky
Reservoir,whisky
Low Gap,whisky
Roughstock,whisky
Dark Door,whisky
Firestone Robertson,whisky
Canadian Mist,whisky
Lord Calvert Canadian,whisky
Select Club,whisky
Gibsons Finest,whisky
Mastersons,whisky
Iron Smoke,whisky
Montauk Hard Label,whisky
Zachlawi,whisky
Blue Ox Spirits,whisky
2Docks Vodka,whisky
Jesse James,whisky
Green Spot,whisky
Kilbeggan,whisky
Irish Mist,whisky
Barr an Uisce,whisky
Woodinville,whisky
Heavens Door,whisky
Rabbit Hole,whisky
Peerless,whisky
Devils River,whisky
Wilderness Trail,whisky
Ryan Wood,whisky
Treaty Oak,whisky
Soldier Valley Spirits,whisky
Bower Hill,whisky
Whiskey Del Bac,whisky
Old Line Spirits,whisky
Glenkinchie,whisky
Glenglassaugh,whisky
Aberfeldy,whisky
Craigellachie,whisky
Port Ellen,whisky
Reisetbauer,whisky
G. Rozelieures,whisky
Ardmore,whisky
Bib Tucker,whisky
Jeptha Creed,whisky
Elijah Craig,whisky
Blantons,whisky
Eagle Rare,whisky
Old Grand-Dad,whisky
Oppidan,whisky
Temperance Trader,whisky
Blood Oath,whisky
Starlight,whisky
Crooked Water Spirits,whisky
James Alexander,whisky
Ballantines,whisky
Grants,whisky
McClellands,whisky
Kilkerran,whisky
Aultmore,whisky
Highland Queen,whisky
John Milroy,whisky
Maltman,whisky
Old Camp,whisky
TINCUP,whisky
Sinfire,whisky
Bonnie Rose,whisky
Deerhammer,whisky
Pie Hole,whisky
Piehole,whisky
Jeffers Creek,whisky
Georgia Moon,whisky
Amador Whiskey,whisky
Whistling Andy,whisky
Troubadour,whisky
Headframe Spirits,whisky
Pinckney Bend,whisky
Black Velvet,whisky
Windsor,whisky
Cask Crew,whisky
Tap 357,whisky
Wayne Gretzky,whisky
Dr. Stoners,whisky
Whiskey Girl,whisky
MOTO Spirits,whisky
Paddy,whisky
The Dubliner,whisky
The Busker,whisky
Jack Ryan,whisky
Clonakilty,whisky
Egans,whisky
The Wild Geese Soldiers and Heroes,whisky
Hakushu,whisky
Sazerac Rye,whisky
Hochstadters,whisky
Black Maple Hill,whisky
Leadslingers,whisky
Hillrock,whisky
Ben Milam,whisky
Town Branch,whisky
Virgil Kaine,whisky
Dads Hat,whisky
Lock Stock Barrel,whisky
Koenig,whisky
Palm Ridge,whisky
Duke,whisky
Burnside,whisky
Belfour,whisky
Herman Marshall,whisky
Wright Brown,whisky
Spruce Creek,whisky
Rod Hammers SLO Stills,whisky
Black Market Spirits,whisky
Muirheads,whisky
Ledaig,whisky
Tamdhu,whisky
Cardhu,whisky
Tobermory,whisky
Glenturret,whisky
Douglas of Drumlanrig,whisky
Ghost Tree,whisky
Pabst,whisky
Durango Craft Spirits,whisky
Larceny,whisky
Johnny Drum,whisky
Old Bardstown,whisky
Black Dirt,whisky
Wathens,whisky
W.H. Harrison,whisky
Alamo,whisky
Rocker Spirits,whisky
Stagg,whisky
Haig,whisky
Glen Silvers,whisky
Bank Note,whisky
Sheep Dip,whisky
Old St Andrews,whisky
Royal Brackla,whisky
Octomore,whisky
Glencadam,whisky
Royal Salute,whisky
Smokehead,whisky
Dailuaine,whisky
The Black Dog,whisky
Samroli,whisky
John Begg,whisky
Blackadder,whisky
The Last Drop,whisky
Uncle Nearest,whisky
Rebecca Creek,whisky
Bomberger,whisky
Rio Brazos,whisky
Blade and Bow,whisky
Spirits of St. Louis,whisky
James Oliver,whisky
Perfect Soul,whisky
Original Moonshine,whisky
Devils Share,whisky
White Tail,whisky
Blank Booth,whisky
Austonian Spirits,whisky
John Drew,whisky
Vinn,whisky
Dead Drop,whisky
Rebellion,whisky
Three Bines,whisky
Harlem Standard,whisky
Wicked Tango,whisky
Triple Crown,whisky
Dogfish Head,whisky
Stein,whisky
Seagrams VO,whisky
Legacy Whisky,whisky
Tomahawk,whisky
Spicebox,whisky
Cabot Trail,whisky
J.P. Wisers,whisky
E.T. 51,whisky
Glen Breton,whisky
Beach Whiskey,whisky
Screech,whisky
Flaming Leprechaun,whisky
Whitemeyers,whisky
Writers Tears,whisky
The Quiet Man,whisky
Clontarf,whisky
Old Tom Horan,whisky
Pearse Lyons,whisky
Kennedy,whisky
Mickey Finns,whisky
Tipperary,whisky
Irish Manor,whisky
Hatozaki,whisky
Ichiro Chichibu,whisky
Kikori,whisky
Yamato,whisky
Old Overholt,whisky
Redwood Empire,whisky
Mt. Logan,whisky
Kooper Family Whiskey Co,whisky
Noble Oak,whisky
Old Potrero,whisky
Rossville Union,whisky
Ransom Henry du Yores,whisky
Fort Hamilton,whisky
Bone Snapper,whisky
Wayward Whiskey,whisky
Old Tahoe,whisky
Deadwood,whisky
Thomas Henry,whisky
Riverset Whiskey,whisky
Milam Greene,whisky
Red Drum,whisky
Wormwood,whisky
Tap Rye,whisky
J.W. Kelley,whisky
Saint Liberty,whisky
Pucketts Branch,whisky
Blackfish Spirits,whisky
Nahmias et Fils,whisky
Doc Swinsons,whisky
Buckshee Bourbon Rye,whisky
Sapling,whisky
Dillons,whisky
Old Pepper,whisky
Clynelish,whisky
Starward,whisky
Spirit Hound,whisky
Spey River,whisky
Tighe Brothers,whisky
The GlenAllachie,whisky
Rosebank,whisky
Westward Oregon,whisky
Signatory Vintage,whisky
The Speyside,whisky
Omar,whisky
Indiana Whiskey,whisky
KIN Whiskey,whisky
Benchmark,whisky
Henry McKenna,whisky
George T. Stagg,whisky
Bakers,whisky
Old Crow,whisky
Elmer T. Lee,whisky
Very Old Barton,whisky
I.W. Harper Bourbon,whisky
Kentucky Tavern,whisky
Old Charter,whisky
Peg Leg Porker,whisky
Nine Banded Whiskey,whisky
Freeland Spirits,whisky
Penelope Bourbon,whisky
Lexington,whisky
Silver Star Sprits,whisky
Pure Kentucky,whisky
Giant Texas,whisky
Breaker,whisky
Kelsey Creek,whisky
Spring Mill,whisky
Old Williamsburg,whisky
Woodstock,whisky
Sixth Street,whisky
J. Henry Sons,whisky
Infusionique,whisky
Rave Review,whisky
Silo,whisky
West of Kentucky,whisky
Breaking Entering,whisky
Heritage Hills,whisky
Penny Packer,whisky
Old Hickory,whisky
Fire Oak,whisky
Molly Brown Spirits,whisky
Middle West Spirits,whisky
Saint Cloud,whisky
Old Taylor,whisky
Joseph A Magnus,whisky
Resurgent,whisky
Shackleton,whisky
Mcivor,whisky
Royal Lochnagar,whisky
Pigs Nose,whisky
Stronachie,whisky
Ballechin,whisky
The Exceptional,whisky
The Deveron,whisky
Glen Parker,whisky
Girvan,whisky
Port Askaig,whisky
Cluny,whisky
Black Bull,whisky
Port Dundas,whisky
J.Mossman,whisky
Stags Head,whisky
Mackillops,whisky
Douglas Laing-McGibbon,whisky
Strathisla Classic,whisky
Glengarry,whisky
Chivas Regal,whisky
BLACKENED,whisky
Kessler,whisky
Misunderstood Whiskey,whisky
Bernheim,whisky
Henderson Whiskey,whisky
Slipknot Whiskey,whisky
Redneck Riviera,whisky
Virginia Black,whisky
Little Book,whisky
Flame Thrower,whisky
White Pike,whisky
Republic,whisky
Hot Stuff,whisky
Pine Barrens,whisky
Atomic Red,whisky
Broadhorn,whisky
Kansas,whisky
The Stewards Solera,whisky
Fletchers,whisky
Glyph,whisky
Sunshine Reserve,whisky
White Mountain,whisky
Swift,whisky
Banner,whisky
Chocasmoke Whiskey,whisky
Winston Lee,whisky
Platte Valley,whisky
The Hilhaven,whisky
Barrel Hitch,whisky
Weavers Spirits,whisky
Buffalo Chip Spirits,whisky
Relativity,whisky
Fitchs Goat,whisky
Ri Brand,whisky
Dutchs Spirits,whisky
Silver Lightning Moonshine,whisky
La1,whisky
Glen Fargo Whiskey,whisky
Austin 101,whisky
Mitchers,whisky
Whiskey 43,whisky
Kade Creek,whisky
Tidewater,whisky
Reillys,whisky
Sunnybrook Original,whisky
Bastille,whisky
Naked Grouse,whisky
Eight Sand,whisky
Brothership,whisky
Royale Club,whisky
Canadian LTD,whisky
Royal Reserve,whisky
Serpents Bite,whisky
Canadian Leaf,whisky
Cinerator,whisky
Canadian Premium,whisky
Texas Crown,whisky
Macnaughton,whisky
McAdams,whisky
Harwood,whisky
Caribou Crossing,whisky
Pike Creek,whisky
Gooderham Worts,whisky
Cabin Fever,whisky
High Ridge,whisky
Bison Ridge,whisky
Royal Crest,whisky
Tap Whisky,whisky
Pops Famous Brand,whisky
Danfields,whisky
Liquormens,whisky
Tangle Ridge,whisky
Canadian Peak,whisky
Mcmasters,whisky
Seagrams 83,whisky
Three Fingers,whisky
Benjamin Chapman,whisky
Canadian Ridge,whisky
C.E.O,whisky
Oski Polar Bear,whisky
Sortilege,whisky
Texas Select,whisky
Proof,whisky
Three Fingers High,whisky
Skrewball Whiskey,whisky
Sheep Dog,whisky
SQRRL,whisky
Rams Point,whisky
Magma Flame,whisky
Root Out,whisky
8-Ball Whiskey,whisky
Phillips Union,whisky
Angels Demons,whisky
Premium Blend,whisky
Penthouse,whisky
Smugglers Notch,whisky
Stumpys,whisky
Blackcraft,whisky
Red Lightning,whisky
Montauk Rumrunners,whisky
Hades Inferno,whisky
White Owl,whisky
Spicekey,whisky
Blind Squirrel,whisky
Backstage,whisky
Duluth Whiskey,whisky
Fliquor Bean,whisky
2 Gingers,whisky
Roe Co,whisky
Slane,whisky
Yellow Spot,whisky
Proper Twelve,whisky
The Sexton,whisky
Hell-Cat Maggie,whisky
Red Spot,whisky
The Knot,whisky
The Dead Rabbit,whisky
The Pogues,whisky
Kern,whisky
Mosswood,whisky
John Jameson,whisky
Donegal,whisky
Black Bush,whisky
Cu Chulainn,whisky
Hyde,whisky
Wolfhound,whisky
Danny Boy Spirits,whisky
Onyx,whisky
South Boston,whisky
Morrigan,whisky
John L. Sullivan,whisky
Greenore,whisky
Feckin,whisky
Flannerys,whisky
Knockmore,whisky
Dunsmore,whisky
Millars,whisky
Irish American,whisky
Ballyhoo,whisky
Spade Bushel,whisky
Finians,whisky
Sensei,whisky
Iwai,whisky
Suntory,whisky
Nobushi,whisky
Kamiki,whisky
Fuyu,whisky
Kisoyama,whisky
Shinju,whisky
Yame,whisky
Chiyomusubi,whisky
Kurokame,whisky
Sabi,whisky
Rangeland,whisky
Rittenhouse,whisky
Pikesville Supreme,whisky
Locke Co,whisky
Breakout,whisky
Dancing Goat,whisky
Catskill Provisions,whisky
Cask House,whisky
Split Spirits,whisky
Lot 40,whisky
Riverboat,whisky
Ri 1,whisky
Old World Spirits,whisky
New Richmond,whisky
Defiance,whisky
Toms Foolery,whisky
Pow-wow,whisky
Bishop,whisky
Old Maysville Club,whisky
Governors Reserve,whisky
Punjabi Club,whisky
Turley,whisky
Big Thickets,whisky
New Make,whisky
Triticale,whisky
Tennessee,whisky
Legado Whiskey,whisky
Baron Nahmias,whisky
Ragtime Rye,whisky
Torbreck,whisky
Callabriga,whisky
Old Henry Clay,whisky
A.D. Laws,whisky
Pinhook Bourbon,whisky
Wisers,whisky
Grist Saw,whisky
Native,whisky
Very Olde St. Nick,whisky
Imperial,whisky
Rampur,whisky
Westward,whisky
McCarthys,whisky
Brenne,whisky
Invergordon,whisky
Prometheus,whisky
Benrinnes,whisky
Liquid Riot,whisky
The Belgian Owl,whisky
The Notch,whisky
Kornog,whisky
Lohin McKinnon Whisky,whisky
Elwood,whisky
Urban,whisky
Waterford Estate,whisky
Beinn Dubh,whisky
Kininvie,whisky
Douglas Laing,whisky
Waterford Dstillery,whisky
Jailers,whisky
Southwell,whisky
James Younger,whisky
Semper Fi,whisky
Straw Boys,whisky
Hawaiin,whisky
Tahoe,whisky
Mad March Hare,whisky
1512 Spirits,whisky
Sip Shine,whisky
House Spirits,whisky
Sugarlands,whisky
Legent,whisky
Noahs Mill,whisky
Kentucky Gentleman,whisky
Fistful Of Bourbon,whisky
Rowans Creek,whisky
Ten High,whisky
Old Thompson,whisky
Old Tub,whisky
Howler,whisky
Rock Hill Farms,whisky
Spirits of the Apocalypse,whisky
J. Seeds,whisky
NorEaster,whisky
Joshua Brook,whisky
John J. Bowman,whisky
Walking Stick,whisky
Black Saddle,whisky
Straight Edge,whisky
Douglas Todd,whisky
Outlaw,whisky
Quarter Horse,whisky
Small Town Craft Spirits,whisky
High N Wicked,whisky
Cabin,whisky
American Barrels,whisky
Tom Sims,whisky
Merica Bourbon,whisky
Lusty Claw,whisky
Old Pogue,whisky
Backbone,whisky
The Presidential Dram,whisky
Black Feather,whisky
Old Medley,whisky
Old Blowhard,whisky
Old Major,whisky
Oak Cliff,whisky
John B. Stetson,whisky
Sullivan,whisky
Carstairs,whisky
W.B. Saffell,whisky
Alibi,whisky
John Myer,whisky
J.R. Revelry,whisky
Flatboat,whisky
1000 Stories,whisky
Dire Wolf,whisky
Easy Rider,whisky
Temptation,whisky
80 Strong,whisky
Bowens Spirits,whisky
Buck Bourbon,whisky
C.W. Irwin,whisky
Virginia Gentleman,whisky
Griffs,whisky
Trails End,whisky
Firestone Walker,whisky
Charles Goodnight,whisky
Buckshot,whisky
Belmont Famrs,whisky
Cyrus Noble,whisky
Medleys,whisky
McKenzies,whisky
Warbringer,whisky
The Duke,whisky
Cavalry,whisky
Waitsburg Cellars,whisky
Crooked Fox,whisky
Two Stars,whisky
Rod Rifle,whisky
PM Spirits,whisky
Calumet Farm,whisky
James T. Kirk,whisky
The Dimple Pinch,whisky
Cambridge House,whisky
Bourbon Town,whisky
Woodstone Creek,whisky
J.W. Overbey,whisky
Weed Cellars,whisky
Crooked Furrow,whisky
Royal,whisky
Boones Bourbon,whisky
GW Bourbon,whisky
Kiepersol,whisky
Cardinal,whisky
Doc Porters,whisky
New Riff,whisky
Syntax,whisky
Spirit of America,whisky
Idle Hands Craft Ales,whisky
Big House,whisky
Resilient Bourbon,whisky
Bio Liquors,whisky
Iron Fist,whisky
Black Button,whisky
Resilient Straight,whisky
Gunnars,whisky
George Remus,whisky
Mashbuild,whisky
Brain Brew,whisky
Clan MacGregor,whisky
Monkey Shoulder,whisky
JB,whisky
Highland Mist,whisky
Grand Old Parr,whisky
Old Smuggler,whisky
Inver House,whisky
Passport,whisky
Teachers,whisky
John Barr,whisky
100 Pipers,whisky
White Horse,whisky
Black White,whisky
Black Bottle,whisky
Royal Thistle,whisky
Big Peat,whisky
Cambletown Loch,whisky
Crawfords,whisky
Jr Dials,whisky
Classic Malts,whisky
Longmorn,whisky
The Feathery,whisky
Islay,whisky
Hazelburn,whisky
Islay Mist,whisky
Something Special,whisky
Ushers,whisky
Armorik,whisky
Classic Cask,whisky
Isle Of Skye,whisky
SIA,whisky
Scallywag,whisky
Blue Hanger,whisky
Linkwood,whisky
Vat 69,whisky
HM the King,whisky
Hankey Bannister,whisky
Matisse,whisky
Barrelhound,whisky
Fire XV Art,whisky
Highland Reserve,whisky
Gallacher Dunn,whisky
Glen Dowan,whisky
Glenmoriston,whisky
Ben Nevis,whisky
Lombard,whisky
Glen Deveron,whisky
Kind Of Blue,whisky
Prban na Linne,whisky
Jamie,whisky
Brora,whisky
Stamfords,whisky
Ladyburn,whisky
Tweeddale,whisky
Knockando,whisky
Glen Spey,whisky
Strathmill,whisky
Auchroisk,whisky
The McGibbons Provenance,whisky
Golden Piper,whisky
Single Cask Nation,whisky
Antiquity,whisky
The Caledonian,whisky
Fettercairn,whisky
King George IV,whisky
Wemyss,whisky
Annasach,whisky
Fat Trout,whisky
Glendower,whisky
Glen Elgin,whisky
Aran,whisky
Burn McKenzie,whisky
Gran Legacy,whisky
Inchgower,whisky
Shieldaig,whisky
BenRiach,whisky
John McGil,whisky
Blair Athol,whisky
Glen Oak,whisky
King William IV,whisky
Seagrams,gin
St. George,gin
Koval,gin
Tanqueray,gin
Lee Spirits,gin
The Family Jones,gin
Kavlana,gin
Vikre,gin
The Bitter Truth,gin
Taynton Bay Spirits,gin
Short Path,gin
Bombay,gin
Privateer,gin
Beefeater,gin
Green Hat,gin
No. 209,gin
Dictador,gin
Rhodium,gin
Letherbee,gin
Barr Hill,gin
Spring44,gin
Haymans,gin
Edinburgh,gin
Grays Peak,gin
Gabriel Boudier,gin
Silver Wolf,gin
Gordons,gin
Hendricks,gin
Sipsmith,gin
Whitley Neill,gin
Seersucker Gin,gin
Gin Lane 1751,gin
Bimini,gin
Four Pillars,gin
Eden Mill,gin
Roundhouse Spirits,gin
Old Dominick,gin
Tuthilltown Spirits,gin
Young Yonder Spirits,gin
Arbikie,gin
Royal Emblem,gin
Deaths Door Spirits,gin
Plymouth,gin
Uncle Vals,gin
Gilbeys,gin
Waterloo,gin
Sun Liquor,gin
Greenhook Ginsmiths,gin
Big Gin,gin
D. George Benhams,gin
J. Rieger,gin
Elephant,gin
Sacred,gin
Empire Spirits Project,gin
Porters,gin
Russell Henry,gin
Brazos,gin
Boomsma,gin
Pickerings,gin
Mayfair,gin
Helluva Beverage,gin
Modernist Spirits,gin
Brokers,gin
Damrak,gin
Aviation,gin
Monkey 47,gin
Drumshanbo,gin
Citadelle,gin
NOLETS,gin
Boodles,gin
AMASS,gin
Ki No Bi,gin
Ebb Flow,gin
Martin Millers,gin
Kings,gin
Booths,gin
Bloom,gin
Zephyr Gin,gin
Scapegrace,gin
RIGHT Gin,gin
Magellan,gin
Du Nord,gin
Aristocrat,gin
Hana,gin
Rives,gin
Langleys,gin
Rutte,gin
Brovo Spirits,gin
Pilot House,gin
The Spirit Guild,gin
Prescribed Spirits,gin
GVine,gin
Senators Club,gin
Dimitri,gin
Revolution Spirits,gin
Sono 1420,gin
CaskWerks,gin
The Revivalist,gin
Blackwoods Gin,gin
Darnleys View,gin
Ableforths,gin
Three Rivers,gin
Tru,gin
Inverroche,gin
52eighty,gin
Long Island Spirits,gin
Saxtons River,gin
Cannon Beach,gin
Gancia,gin
Long Table,gin
Transformation Spirits,gin
Rose Island,gin
Roku,gin
The Botanist,gin
Empress,gin
Gray Whale Gin,gin
Fords,gin
Brooklyn Gin,gin
Malfy,gin
Brockmans,gin
Rainier,gin
Gin Mare,gin
Junipero,gin
Bulldog,gin
No. 3,gin
Farmers Gin,gin
MCQUEEN THE VIOLET FOG,gin
Oxley,gin
Mahon Gin,gin
Greenhouse,gin
Harahorn,gin
Austin Reserve,gin
Bowling Burch,gin
Wolffer Estate,gin
Silent Pool,gin
Carnabys,gin
Caorunn,gin
Ginebra San Miguel,gin
Neversink Spirits,gin
Hardshore,gin
Ungava,gin
Alkkemist,gin
Victoria Gin,gin
Bobbys,gin
Puerto de Indias,gin
Bellringer,gin
Born And Bred,gin
Aria,gin
Madam Pattirini,gin
City of London,gin
Indian Summer,gin
Schlichte Steinhager,gin
Jensens,gin
ROXOR,gin
In Fine and Spirits,gin
Fifty Pounds,gin
Highclere Castle,gin
Cruxland,gin
Smalls,gin
Balfour Street,gin
Principe de los Apostoles,gin
Thomas Dakin,gin
Greenalls,gin
Jin Jiji,gin
Blade,gin
Jaisalmer,gin
South Hollow Spirits,gin
Williams Brothers,gin
Bareksten Gin,gin
Bayswater,gin
Yahara Bay,gin
Genius,gin
Tuck,gin
London 40,gin
Toryn,gin
Sea Bishop Spirits,gin
Hawthorns Gin,gin
Hapenny,gin
Snake River Horizon,gin
Hammer Son,gin
Zing 72,gin
Fishers,gin
Its 5 OClock Somewhere,gin
Wheelers Gin,gin
Moody June,gin
Candy Manor,gin
Peket de Houyeu Genever,gin
Voyager,gin
Ingenium,gin
Warwick,gin
Seneca,gin
Churchills,gin
Perigans Gin,gin
Wint Lila,gin
Royal Embassy,gin
Vir Gin,gin
Crown Russe,gin
Ke Spirits,gin
Cutlers Artisan Spirits,gin
Michael Godard,gin
Omega,gin
Artingstalls,gin
Ferdinands,gin
The Alpinist,gin
The Sustainable Spirit Co,gin
Lighthouse Gin,gin
Skeptic,gin
1911,gin
Tinkermans Gin,gin
Leyden,gin
Bafferts,gin
Blueprint Brands,gin
Hepple,gin
Zuidam,gin
Berry Brothers,gin
Royal James,gin
Mexigin,gin
Charleston,gin
King George,gin
Gothic Gin,gin
Ginnys Gin,gin
Championz,gin
Rossi DAngera,gin
Naud,gin
NB Gin,gin
Old Duff Genever,gin
Gin Braltar,gin
Desert Juniper,gin
Wild Poet,gin
Odd Society Spirits,gin
Bordiga,gin
Ampersand,gin
Garnish Island Gin,gin
Brto,gin
The Gin Factory,gin
Bartrams,gin
Millers,gin
Knut Hansen,gin
Winn-Dixie,gin
Modagor,gin
Sylvius,gin
Gunpowder,gin
Venus Spirits,gin
Bent Brewstillery,gin
Kwilu Rum,rum
Safari Rum,rum
Rhum Charrette,rum
Riviere du Mat,rum
Groupe Vidzar,rum
New Grove,rum
Penny Blue,rum
Pink Pigeon,rum
Saint-Aubin,rum
Rhum Tipo Tinto,rum
Takamaka,rum
Mainstay Original Premium,rum
Man Up Rum,rum
MHOBA Rum,rum
Whistler African Style Rum,rum
Beenleigh,rum
Bundaberg,rum
Inner Circle Rum,rum
JimmyRum,rum
Nil Desperandum,rum
Old Monk,rum
McDowell's No.1 Celebration,rum
Tilaknagar,rum
Nine Leaves,rum
Kikusui Shuzo,rum
Tanduay,rum
Khukri Rum,rum
Khukri Spice,rum
Grenada Bay,rum
Lunatic and Lover,rum
Sang Som,rum
Issan,rum
Chalong Bay,rum
Cavalier,rum
English Harbour,rum
Luna Rum,rum
John Watling's,rum
Ole Nassau,rum
Bumbu Rum,rum
Malibu Rum,rum
St Nicholas Abbey,rum
7 Fathoms,rum
Edward Teach,rum
Blackbeards,rum
Tortuga,rum
Havana Club 7 años,rum
Ron Cubay,rum
Havana Club,rum
Ron Vigia,rum
Ron Caney,rum
Ron Arecha,rum
Ron Edmundo Dantes,rum
Ron Legendario,rum
Ron Mulata,rum
Ron Santiago de Cuba,rum
Ron Varadero,rum
Barceló,rum
Bermúdez,rum
Brugal,rum
Matusalem,rum
Siboney,rum
Oliver,rum
Westerhall,rum
Bielle,rum
Damoiseau,rum
Montebello,rum
Père Labat,rum
Séverin,rum
Longueteau,rum
Reimonenq,rum
Bologne,rum
Rhum Vieux Labbé,rum
Rhum 1716,rum
J. Wray and Nephew,rum
Appleton,rum
Appleton Estate,rum
Myers's,rum
Rum-bar rum,rum
Old Pascas,rum
Worthy Park,rum
Hampden,rum
Habitation Saint-Etienne,rum
J. Bally,rum
La Mauny,rum
Neisson,rum
Rhum Clément,rum
Rhum Dillon,rum
Saint James,rum
Trois Rivières,rum
Bacardi,rum
Don Q,rum
Ron del Barrilito,rum
Club Caribe Destillers,rum
Belmont Estate Rum,rum
Cane Spirit Rothschild,rum
Chairman's Reserve Rum,rum
Bounty Rum,rum
Rum 1931,rum
Rum Admiral Rodney,rum
TOZ rum,rum
10 Cane,rum
Angostura Rums,rum
Fernandes Rums,rum
Kraken Rum,rum
Captain Morgan,rum
Cruzan,rum
Sailor Jerry,rum
Bones Rum,rum
A.H. Riise,rum
Isla Ñ Rum,rum
Señor Weber Rum,rum
Parce,rum
Ron de Caldas,rum
Ron Medellín,rum
Ron Hechicera,rum
Ron Santa Fé,rum
Centenario,rum
Ron Cihuatán,rum
Ron Zacapa Centenario 23,rum
Ron Botran,rum
Ron Zacapa,rum
El Dorado,rum
Pyrat Rum,rum
Royal Rum,rum
Pirate's Grog Rum,rum
Flor de Caña,rum
Ron Mombacho,rum
Ron Zapatera,rum
ARÔME Rum,rum
1914 Edicion Gatun Rum,rum
Cabeza de Vaca Rum,rum
El Puro Rum,rum
Don Esteban Rum,rum
La Marelita Rum,rum
Isla de Cañas by Don Pancho Rum,rum
Portobelo Rum,rum
Woldorff Private Cask Rum,rum
La Cruz Vintage 1981 Rum,rum
Yolo Rum,rum
Canalero Rum,rum
Casa Barú Rum,rum
Duran Rum,rum
Carta Vieja Rum,rum
Pedro Mandinga Rum,rum
Bohemio Rum,rum
Ron de Jeremy Rum,rum
Santa Rosa Rum,rum
Panama Red Rum,rum
Panama Pacific Rum,rum
Naud Rum,rum
Isla del Ron Panama Rum,rum
Zahara Rum,rum
Ron Panama Rum,rum
Nativo Rum,rum
Serum Rum,rum
Kuna Rum,rum
El Artesano Rum,rum
Grander Rum,rum
Moko Rum,rum
Bandita Rum,rum
El Legado Rum Elixir,rum
Jumbie Rum,rum
Caña Brava Rum,rum
Offrian Rum,rum
Panamonte Rum,rum
Selva Rey Rum,rum
Origenes Don Pancho,rum
Origenes Maja,rum
Origenes Guazapa,rum
Ron Abuelo Varela Hermanos,rum
Jules Verne,rum
Marianne de Paraguay,rum
Papagayo,rum
Cartavio,rum
Ron Millonario,rum
Cacique,rum
Carúpano,rum
Diplomático,rum
Pampero,rum
El Muco,rum
Ocumare,rum
Veroes,rum
Dinastia,rum
Ron Santa Teresa,rum
Ron Roble Viejo,rum
Barrica,rum
Stroh Rum,rum
Božkov Republica Exclusive,rum
Maison Ferrand,rum
Pott,rum
Rummieclub,rum
Ron Montero,rum
Arehucas,rum
Dead Man's Fingers,rum
Gosling Brothers,rum
Newfoundland Screech,rum
Chic Choc,rum
Ron Bacardí,rum
Ron La Gloria,rum
Ron Mocambo,rum
Ron MK,rum
Ron Prohibido,rum
Cutwater Spirits,rum
Lost Spirits,rum
Malahat Spirits,rum
Selvarey Rum,rum
Siesta Key Rum,rum
Kuleana Rum Works,rum
Koloa Rum,rum
Maui Dark Rum,rum
Artisan Grain Rum,rum
Jean Baptiste Rum,rum
Three Roll Estate,rum
Bayou Rum,rum
Old New Orleans Rum,rum
Bartlett Spirits of Maine,rum
Rumson's,rum
The Noble Experiment,rum
Rogue Spirits,rum
Big Springs Spirits,rum
Maggie's Farm Rum,rum
Manatawny Still Works,rum
Prichard's Fine Rum,rum
Railean Rum,rum
Dunc's Mill,rum
Lamb's,rum
Rhum Plantation,rum
Rum Nation,rum
Jose Cuervo,tequila
Margaritaville,tequila
Patrón,tequila
Mr. Boston,tequila
99 Brand,tequila
1800 Tequila,tequila
Del Maguey Mezcal,tequila
Sauza,tequila
Skinnygirl,tequila
Dulce Vida,tequila
Tarantula,tequila
Don Julio Tequila,tequila
Maestro Dobel,tequila
Don Ramon,tequila
Herradura,tequila
Clase Azul,tequila
Avion,tequila
Hornitos Tequila,tequila
Casa Noble,tequila
El Tesoro,tequila
Milagro Tequila,tequila
Sx Liquors,tequila
DeLeon,tequila
Casino Azul,tequila
Olmeca,tequila
Espolon,tequila
Fortaleza,tequila
Tequila Ocho,tequila
Gran Centenario,tequila
Kah Tequila,tequila
Cazadores,tequila
Tres Agaves,tequila
Casamigos Tequila,tequila
Tequila Herradura Ultra,tequila
El Jimador,tequila
Milagro,tequila
Casa Dragones,tequila
Tequila Cabeza,tequila
Tapatio,tequila
Don Fulano,tequila
Tequila Tromba,tequila
G4 Tequila,tequila
Suerte Tequila,tequila
Tequila Siete Leguas,tequila
Tequila Partida,tequila
Tequila Fortaleza,tequila
Tequila Tapatío,tequila
Tequila Arette,tequila
Tequila Alacran,tequila
Don Amado,tequila
Siembra Valles,tequila
Tequila G4,tequila
Tequila Terralta,tequila
Hennessy,brandy
Remy Martin,brandy
D'usse,brandy
E&J,brandy
Louis Royer,brandy
Pierre Patou,brandy
Daniel Bouju,brandy
Grand Marnier Liqueur,brandy
Salignac,brandy
Paul Beau,brandy
Rodell,brandy
Larressingle,brandy
Hardy,brandy
Marie Duffau Bas Armagnac,brandy
Montmarte,brandy
Delord,brandy
Hiram Walker,brandy
CIROC,brandy
Chateau de Briat,brandy
Martell,brandy
Pierre Ferrand,brandy
Tesseron,brandy
Guillon-Painturaud,brandy
A. de Fussigny,brandy
Mathilde,brandy
Davidoff,brandy
Jacquin's,brandy
Lairds,brandy
Strykover,brandy
Landy,brandy
Cardenal Mendoza,brandy
Kelt,brandy
Macchu Pisco,brandy
Raynal,brandy
Gautier,brandy
Asbach Uralt,brandy
Domaine Drouhin,brandy
H by Hine,brandy
Grönstedts,brandy
Lheraud,brandy
Metaxa,brandy
Delamain,brandy
Jean Fillioux,brandy
Bache-Gabrielsen,brandy
Torres,brandy
Meukow,brandy
Vecchia Romagna,brandy
Germain-Robin,brandy
Monnet,brandy
St-Rémy,brandy
Baron Otard,brandy
Navarre,brandy
Busnel Calvados,brandy
Frapin,brandy
Pitaud,brandy
Gourry de Chadeville,brandy
Boulard,brandy
Augier,brandy
Chateau de Montifaud,brandy
Sainte Louise,brandy
Jules Clairon,brandy
Larsen,brandy
Favraud,brandy
Godet,brandy
Deau,brandy
Michel Forgeron,brandy
Chateau de Beaulon,brandy
Cles des Ducs,brandy
De Luze,brandy
Ciroc,brandy
Leopold Gourmel,brandy
3 Pueblos,mezcal
5 Sentidos,mezcal
8 Víboras,mezcal
Abasolo,mezcal
Acre Mezcal,mezcal
Agua del Sol,mezcal
Agua Magica,mezcal
Aguas Mansas,mezcal
Aguerrido,mezcal
Alacran,mezcal
Alipus,mezcal
Almamezcalera,mezcal
Amaras,mezcal
Amarás Logia Sierra,mezcal
Lamata Familia de la Cruz,mezcal
Amormata/Nación de las Verdes Matas,mezcal
The Animas Ensemble Mezcal,mezcal
Ánimas Mezcal,mezcal
Aprendiz,mezcal
Aqara,mezcal
Bacanora Batuq,mezcal
Balam,mezcal
Balancan,mezcal
Banhez,mezcal
Bendición,mezcal
Benesin,mezcal
Beneva,mezcal
Bonete Raicilla,mezcal
Borrosso,mezcal
Bosscal,mezcal
Bozal,mezcal
Bruja de Agua,mezcal
Bruxo,mezcal
Buenbicho,mezcal
Camazotz,mezcal
Cañada,mezcal
Casamigos,mezcal
Casta Tribal,mezcal
Catedral de mi Padre,mezcal
Cielo Rojo,mezcal
Creador,mezcal
Cruz de Fuego,mezcal
Cuanax Mezcal,mezcal
Cuentacuentos,mezcal
Cuish,mezcal
Dakabend Rum,mezcal
Del Maguey,mezcal
Derrumbes,mezcal
Desert Door Texas Sotol,mezcal
Desolas,mezcal
Destilado de Agave Azul,mezcal
Dia Noche,mezcal
Dios Niño Reposado Don Antonio Aguilar,mezcal
Don Antonio Aguilar,mezcal
Don Baltazar Cruz Gómez,mezcal
Don Chuy,mezcal
Don Mateo de la Sierra,mezcal
Doña Tules,mezcal
Doña Vega,mezcal
Dos Hombres,mezcal
Dos Jaimes,mezcal
Dos Pasiones,mezcal
Dos Volcanes,mezcal
El Buho Mezcal,mezcal
El de Bateo,mezcal
El Ejuteco,mezcal
El Jolgorio,mezcal
El Malpais,mezcal
El Refugio Mezcal,mezcal
El Rey Zapoteco,mezcal
El Samaritano,mezcal
El Silencio,mezcal
Encantado,mezcal
Erstwhile Mezcal,mezcal
Esfuerzo,mezcal
Espiritu Lauro,mezcal
Estancia,mezcal
Fabriquero Sotol Durango,mezcal
Fabriquero Sotol,mezcal
FaneKantsini,mezcal
Fidencio,mezcal
Firme Mezcal,mezcal
Flor del Desierto,mezcal
Gem & Bolt,mezcal
Gente de Mezcal,mezcal
Geu Beez,mezcal
Gracias a Dios,mezcal
Grulani,mezcal
Guerra Seca,mezcal
Gusto Historico,mezcal
Hacienda Bañuelos,mezcal
Hacienda Oponguio,mezcal
Herencia del Mezcalero,mezcal
Hop Mez,mezcal
Hope on Hopkins,mezcal
Hormiga Brava,mezcal
Ilegal,mezcal
Ionico,mezcal
Juerte,mezcal
Kimo Sabe,mezcal
Koch,mezcal
Kurhikua,mezcal
La Cañada Cloud Forest Rum,mezcal
La Higuera Sotol,mezcal
La Jicarita,mezcal
La Luna Mezcal,mezcal
La Majadera,mezcal
La Medida,mezcal
La Mezcacleta,mezcal
La Niña del Mezcal Bacanora,mezcal
La Reina de Atenguillo,mezcal
La Venia Mezcal,mezcal
Lágrimas de Dolores,mezcal
Lalocura,mezcal
Lamata Spirits,mezcal
Las Perlas de Jalisco,mezcal
Legendario Domingo,mezcal
Leonista,mezcal
Lobos 1707,mezcal
Los Amantes,mezcal
Los Cuerudos,mezcal
Los Magos,mezcal
Los Nahuales Mezcal Joven,mezcal
Los Nahuales,mezcal
Los Vecinos del Campo,mezcal
Lula,mezcal
Machetazo,mezcal
Macurichos,mezcal
Madre Mezcal,mezcal
Maguey Melate,mezcal
Mal de Amor,mezcal
Mayalen,mezcal
Mazot,mezcal
Metl,mezcal
Mexcal Amanecer,mezcal
Mexicat,mezcal
Mezcal Buen Viaje,mezcal
Mezcal Burrito Fiestero,mezcal
Mezcal Carreño,mezcal
Mezcal de Leyendas,mezcal
Mezcal Dixeebe,mezcal
Mezcal Don Amado,mezcal
Mezcal IBA,mezcal
Mezcal Local,mezcal
Mezcal Los Javis,mezcal
Mezcal Magia Pura,mezcal
Mezcal Mal Bien,mezcal
Mezcal Marcavidas,mezcal
Mezcal Marques de Jaral de Berrio,mezcal
Mezcal Meteoro,mezcal
Mina Real Blanco,mezcal
Mezcal Mina Real,mezcal
Mezcal Nacional,mezcal
Mezcal Nuestra Soledad,mezcal
Mezcal Real de Jalpa,mezcal
Mezcal Sacrificio,mezcal
Mezcal Torres Mochas,mezcal
Mezcal Tribal,mezcal
Mezcal Viejo Indecente,mezcal
Mezcal Villasuso,mezcal
Mezcalero,mezcal
Mezcalosfera,mezcal
Mezonte,mezcal
Miel de Tierra,mezcal
Mijes,mezcal
Minamonte Mezcal,mezcal
Modestia Aparte,mezcal
Montelobos,mezcal
Morro Mezcal,mezcal
Neta Spirits,mezcal
Nixta,mezcal
OAX Original,mezcal
Ojo de Tigre,mezcal
Ome Norte,mezcal
Opuntia,mezcal
Origen Raiz,mezcal
Pal'alma,mezcal
Palomas Mensajeras,mezcal
Paquera,mezcal
Paranubes,mezcal
Peloton de la Muerte,mezcal
Pescador de Sueños,mezcal
Pierde Almas,mezcal
Pluma Negra Mezcal,mezcal
Prolijo Mezcal,mezcal
Puntagave,mezcal
Quiereme Mucho,mezcal
Quiquiriqui Mezcal,mezcal
Raicilla Venenosa,mezcal
Rancho Tepua,mezcal
Rayo Seco,mezcal
Real Minero,mezcal
Revel,mezcal
Rey Campero,mezcal
Rezpiral,mezcal
Río Revuelto,mezcal
Royal Vallet,mezcal
Sabios de Lua Mexicano Joven,mezcal
Sabios de Luá,mezcal
Sacro Imperio,mezcal
Salvadores 70 400,mezcal
Sangremal,mezcal
Santa Pedrera,mezcal
Santo Cuviso,mezcal
Santo Pecado,mezcal
Se Busca Joven,mezcal
Se Busca,mezcal
Siembra Metl,mezcal
Sierra Norte Whiskey,mezcal
Siete Misterios,mezcal
Sombra,mezcal
Sotol Hacienda de Chihuahua,mezcal
Sotoleros,mezcal
SUSTO,mezcal
Tepozán,mezcal
The Lost Explorer Mezcal,mezcal
The Producer,mezcal
Tileño Mezcal,mezcal
Tio Pesca,mezcal
Tlamati Spirits,mezcal
Tosba,mezcal
Tradicion Chagoya,mezcal
Tres Tiempos,mezcal
Vago,mezcal
Valle Oaxaca,mezcal
Ventura Spirits,mezcal
Versus,mezcal
Vicio Mezcal Añejo,mezcal
Wahaka,mezcal
Xicala,mezcal
Yola,mezcal
YooWe,mezcal
Yuu Baal,mezcal
Kahlua,liqueur
Baileys,liqueur
Grand Marnier,liqueur
Disaronno,liqueur
RumChata,liqueur
Campari,liqueur
Aperol,liqueur
Jägermeister,liqueur
St-Germain,liqueur
Pennsylvania Dutch,liqueur
Chambord,liqueur
Frangelico,liqueur
Carolans,liqueur
Rumple Minze,liqueur
Molly's,liqueur
Tequila Rose,liqueur
DeKuyper,liqueur
Saint Brendan's,liqueur
Di Amore,liqueur
Romana Sambuca,liqueur
Chartreuse,liqueur
Amarula,liqueur
Kinky,liqueur
Dr. McGillicuddy's,liqueur
Bacardi Rum,liqueur
Hpnotiq,liqueur
Midori,liqueur
Ryan's,liqueur
Godiva,liqueur
Drambuie,liqueur
Luxardo,liqueur
Averna,liqueur
Kamora,liqueur
Pimm's,liqueur
Mr. Black,liqueur
Pallini,liqueur
Alize,liqueur
Pama,liqueur
Benedictine,liqueur
Caravella,liqueur
Five Farms,liqueur
Disaronno Amaretto,liqueur
Brady's,liqueur
RumHaven,liqueur
Montenegro S.R.L.,liqueur
Domaine de Canton,liqueur
Pernod,liqueur
DeKuyper Liqueur,liqueur
Arrow,liqueur
Clear Creek,liqueur
Giffard,liqueur
McGuinness,liqueur
Caffo,liqueur
Merlet,liqueur
Massenez,liqueur
Marie Brizard,liqueur
Llord's,liqueur
Allen's,liqueur
Evil Twin,beer
Mikkeller,beer
Finback,beer
Stillwater Artisanal,beer
SingleCut,beer
Prairie Artisan Ales,beer
Grimm Artisanal Ales,beer
Goose Island,beer
Ommegang,beer
Southern Tier,beer
The Bruery,beer
Allagash,beer
Schlafly,beer
Night Shift,beer
Bud Light,beer
Captain Lawrence,beer
Sierra Nevada,beer
Clown Shoes,beer
DuClaw,beer
21st Amendment,beer
Samuel Adams,beer
DC Brau,beer
Two Brothers,beer
Sixpoint,beer
Ballast Point,beer
Left Hand,beer
Upland,beer
Anderson Valley,beer
Weyerbacher,beer
Lagunitas Beer,beer
Mighty Squirrel,beer
Odell,beer
Wachusett,beer
Bearded Iris,beer
Harpoon,beer
SweetWater,beer
Springdale,beer
Destihl,beer
Jolly Pumpkin,beer
Mystic,beer
Great Divide,beer
Smirnoff Ice,beer
Blue Point,beer
Flying Dog,beer
Mayflower,beer
Abita,beer
Toppling Goliath,beer
Elysian,beer
Schells,beer
Bear Republic,beer
Three Floyds,beer
De Proefbrouwerij,beer
Boulder Beer,beer
Perennial,beer
Rhinegeist,beer
Crooked Stave,beer
To l,beer
Tregs,beer
Aeronaut,beer
Hermit Thrush,beer
Cascade,beer
Jackie Os,beer
2nd Shift,beer
Alaskan,beer
Shipyard,beer
Knee Deep,beer
Trillium,beer
Decadent Ales,beer
RITAS,beer
Horse Dragon,beer
Sun King,beer
Lord Hobo,beer
Long Trail,beer
The Lost Abbey,beer
Down the Road,beer
Reubens Brews,beer
UFO,beer
Omnipollo,beer
Half Acre,beer
Truly Hard Seltzer,beer
Shock Top,beer
Upslope,beer
Urban Chestnut,beer
Palm Bay,beer
Rising Tide,beer
Kona,beer
Yuengling,beer
Kent Falls,beer
Backlash,beer
Shiner,beer
pFriem,beer
Crook Marker,beer
Karl Strauss,beer
Slumbrew,beer
Port City,beer
Ecliptic,beer
Narragansett,beer
Stoneface,beer
Against the Grain,beer
Castle Island,beer
Saranac,beer
Lone Pine,beer
Foreign Objects,beer
Michelob,beer
Fort Point Beer Co,beer
Otter Creek,beer
Fulton,beer
Melvin,beer
Fort George,beer
Unibroue,beer
Samuel Smith,beer
Parallel 49,beer
Heavy Seas,beer
Weihenstephaner,beer
Zero Gravity,beer
Finkel Garf,beer
Flying Fish,beer
4 Noses,beer
4 Hands,beer
Molson,beer
Latitude 33,beer
Lawsons Finest Liquids,beer
Excel Bottling,beer
Pretty Things,beer
Insight,beer
BrewDog,beer
Mikes Hard,beer
Seagrams Escapes,beer
Lift Bridge,beer
Speakeasy,beer
Blue Moon Beer,beer
Innis Gunn,beer
Black Market,beer
Wormtown,beer
Indeed,beer
Saint Archer,beer
Funkwerks,beer
Ipswich,beer
Redhook,beer
Leinenkugels,beer
Pabst Blue Ribbon Beer,beer
Modelo Beer,beer
White Claw,beer
Twisted Tea,beer
Four Loko,beer
Dry Dock,beer
OFallon,beer
Karbach,beer
Flat Earth,beer
Summit,beer
Schneider Weisse,beer
Mason Ale Works,beer
Adelberts,beer
Natural Light,beer
Third Street,beer
Station 26,beer
Barrel House Z,beer
Half Full,beer
Central Waters,beer
Figueroa Mountain,beer
Petrus,beer
Inbound BrewCo,beer
Hoppin Frog,beer
Ayinger,beer
Guinness,beer
St. Bernardus,beer
Brouwerij Lindemans,beer
Untitled Art,beer
Redds,beer
Smirnoff Seltzer,beer
Flying Embers,beer
Modern Times,beer
Bent Paddle,beer
Glutenberg,beer
3 Daughters,beer
No-Li,beer
Vivant,beer
Lakefront,beer
Hardywood,beer
Saugatuck,beer
Metropolitan,beer
Double Mountain,beer
Brewmaster Jack,beer
Arcadia Ales,beer
Smuttynose,beer
Loveland Aleworks,beer
Libertine,beer
Bale Breaker,beer
North Peak,beer
Foley Brothers,beer
Budweiser,beer
JuneShine,beer
Boochcraft,beer
Brewsters,beer
Austin Beerworks,beer
Grimm Brothers,beer
Newport Storm,beer
Bad Martha,beer
Brew Bus,beer
Thirsty Dog,beer
Flat 12,beer
Triton,beer
Boom Island,beer
Armadillo Ale Works,beer
Okanagan Spring,beer
Green Flash,beer
Propolis,beer
Devils Purse,beer
Prost,beer
Black Raven,beer
Erdinger,beer
Stiegl,beer
Four String,beer
Timmermans,beer
Dupont,beer
Kelso,beer
Brouwerij West,beer
Beachwood Blendery,beer
Bon VV Spiked Seltzer,beer
Steel Reserve,beer
KYLA Hard Kombucha,beer
Tin Roof,beer
Tin Man,beer
White Birch,beer
Mankato,beer
Altamont Beerworks,beer
Good River,beer
Peabody Heights,beer
Old Yale,beer
Brewers Art,beer
Calicraft,beer
AleWerks,beer
Brouwerij 3 Fonteinen,beer
Paulaner,beer
Hofbrau,beer
Ratio Beerworks,beer
Magic Hat,beer
Brasserie Trois Dames,beer
Brouwerij Van Steenberge,beer
BFM,beer
Stella Artois,beer
Grey Sail,beer
Garage Project,beer
Interboro Spirits Ales,beer
Pelican,beer
Base Camp,beer
Heineken,beer
Press Spiked Seltzer,beer
Mikes Harder,beer
Nauti,beer
Hey Yall,beer
Wynkoop,beer
Lone Tree,beer
Silver City,beer
Widmer Brothers,beer
Rickards,beer
Bad Weather,beer
Finnegans,beer
Southern Prohibition,beer
Ale Asylum,beer
Radiant Pig,beer
Southampton,beer
Alley Kat,beer
Rodenbach,beer
Funky Buddha,beer
Ghostfish,beer
Tommyknocker,beer
Great South Bay,beer
Lupulin,beer
Pollyanna,beer
St. Ambroise,beer
Mill Street,beer
Wolavers,beer
Rivertown,beer
Hitachino Nest,beer
Krombacher,beer
Sea Dog,beer
Great North Aleworks,beer
Chimay,beer
Bauhaus,beer
St. Feuillien,beer
Black Diamond,beer
Sprecher,beer
Brouwerij Oud Beersel,beer
Ngne,beer
Stoudts,beer
Big Wood,beer
Brew Rebellion,beer
Black Hog,beer
Opa-Opa,beer
Other Half,beer
Los Angeles Ale Works,beer
Two Robbers,beer
Ficks,beer
Hopworks,beer
Big Storm,beer
Steel Toe,beer
Stanley Park,beer
Fordham Dominion,beer
Bootstrap,beer
Duvel,beer
Sleeman,beer
Bonfire,beer
Brasserie de la Senne,beer
Enlightenment,beer
Cerveza,beer
Utepils,beer
Winter Hill,beer
Wasatch,beer
Baltika,beer
Hops Grain,beer
5 Rabbit Cervecera,beer
Crux,beer
Hacker-Pschorr,beer
Atlas Brew Works,beer
Brau Bros,beer
Amstel,beer
Rock Art,beer
Delirium,beer
Dieu du Ciel,beer
Logsdon Farmhouse Ales,beer
Brasserie de Blaugies,beer
Une Annee,beer
Trinity,beer
Crown Valley,beer
Amager Bryghus,beer
Brouwerij Alvinne,beer
Moosehead,beer
Two Beers,beer
Oceanside Ale Works,beer
Earth Rider,beer
Three Magnets,beer
Urban Artifact,beer
Brouwerij Boon,beer
Mother Earth Brew Co,beer
903 Brewers,beer
Kern River,beer
Alpine,beer
Dos Equis,beer
Von Trapp,beer
Tecate,beer
Busch,beer
Willies Superbrew,beer
Mighty Swell,beer
Owls Brew Boozy Tea Botanicals,beer
Best Damn,beer
Johnny Bootlegger,beer
Texas Ale Project,beer
Kulshan,beer
Scuttlebutt,beer
Duck Rabbit,beer
Day of the Dead,beer
Rush River,beer
14th Star,beer
Carsons,beer
The White Hag,beer
Grayton,beer
Southern Star,beer
Quaff On,beer
Alphabet City,beer
Santa Monica Brew Works,beer
3 Magnets,beer
Odyssey Beerwerks,beer
Transmitter,beer
Daredevil,beer
Lancaster,beer
Gnarly Barley,beer
Silver Moon,beer
High Water,beer
Greenport Harbor,beer
Schooner Exact,beer
Ten Ninety,beer
Brash,beer
SLO Brew,beer
Pyramid,beer
Florida Avenue,beer
Andechs,beer
Wittekerke,beer
Legal Draft,beer
Butternuts,beer
7 Seas,beer
RJ Rockers,beer
Warsteiner,beer
Moa,beer
Spinnakers Gastro Brewpub Guesthouse,beer
Neshaminy Creek,beer
Locavore Beer Works,beer
Brasserie Dachouffe,beer
Genesee,beer
Gulden Draak,beer
La Trappe,beer
Straffe Hendrik,beer
Gouden Carolus,beer
Brouwerij De Ranke,beer
Wild Heaven Beer,beer
Hebrew,beer
Bockor,beer
Brouwerij De Dolle Brouwers,beer
The Rare Barrel,beer
Starr Hill,beer
Noble Ale Works,beer
Dugges Bryggeri,beer
The Larimer,beer
The Tap,beer
Pizza Boy,beer
Cantillon,beer
Carib,beer
Frost Beer Works,beer
Strange Craft,beer
Greenpoint Beers,beer
Transient Artisian Ales,beer
Schlenkerla,beer
Spaten,beer
Becks,beer
Labatt,beer
Pacifico,beer
Keystone,beer
Chihuahua Cerveza,beer
American Vintage,beer
Bravazzi,beer
Local Roots Kombucha,beer
Jiant Hard Kombucha,beer
Henrys Hard Soda,beer
Pakka Hard Seltzer,beer
Sup Hard Seltzer,beer
Switchback,beer
Fire Island,beer
Rochester Mills,beer
Local Option,beer
Funky Bow,beer
Bar Harbor,beer
Bison,beer
Henry Weinhards,beer
32 Via dei birrai,beer
Killians,beer
Loowit,beer
Omission,beer
HopFusion,beer
East Nashville Beer Works,beer
Pair O Dice,beer
Forgotten Boardwalk,beer
Squatters,beer
Intuition Ale Works,beer
Lake Superior,beer
Horny Goat,beer
Big Top,beer
Fullers,beer
Atlantic,beer
Fountain Square,beer
Foothills,beer
Moody Tongue,beer
Black Shirt,beer
Wingman,beer
Hangar 24,beer
Adroit Theory,beer
Rip Current,beer
Schofferhofer,beer
Two Henrys,beer
Tin Whiskers,beer
Lonerider,beer
Lucid,beer
Forbidden Root,beer
RavenBeer,beer
Mahrs Bru,beer
Birrificio Montegioco,beer
Les Brasseurs De Gayant,beer
Maredsous,beer
Greens,beer
Brouwerij Van Honsebrouck N.V.,beer
Great Raft,beer
Big Elm,beer
Warped Wing,beer
Twisted Pine,beer
Brasserie Vapeur,beer
Bellwoods,beer
Red Betty,beer
Kasteel,beer
Saint Somewhere,beer
Brasserie Dubuisson,beer
Fantome,beer
Brasserie de lAbbaye du Val-Dieu,beer
Birrificio Del Ducato,beer
Valiant,beer
BRL 72,beer
Aslan,beer
LIC Beer Project,beer
Cricket Hill,beer
Gearys,beer
Hop Valley,beer
Boston Beer Works,beer
Thornbridge,beer
Hopsters,beer
Hidden Springs Aleworks,beer
Brouewerij Verhaeghe,beer
Gueuzerie Tilquin,beer
Unity Vibration,beer
Vormann Brauerei,beer
De Molen,beer
Blatant,beer
Emelisse,beer
Morgan Street,beer
Wayfinder Beer,beer
Lone Star,beer
Heater Allen,beer
DAB,beer
Asahi,beer
Carlsberg,beer
Peroni,beer
Crabbies,beer
Clausthaler,beer
Grvi,beer
Shotgun Seltzer,beer
Luna Bay Booch,beer
Kombrewcha,beer
Mad Jack,beer
Soleil,beer
Citizen Cider,beer
Pompette,beer
LYTT,beer
Tio Rodrigo,beer
Palm Breeze,beer
Tolago Hard Seltzer,beer
City Steam,beer
Alexander Keith,beer
Homestead,beer
Oaken Barrel,beer
Circle Bewing,beer
New Albanian,beer
Brew Hub,beer
Hilliards,beer
Backwoods,beer
Crooked Can,beer
Gun Craft,beer
Urban Legend,beer
Rivertowne,beer
Reinart,beer
Cerveceria Centro Americana,beer
Ballantine,beer
Steadfast,beer
Angel City,beer
New Planet,beer
Lucifer,beer
LaGrow Organic,beer
Twisted X,beer
Barley Island,beer
Scheldebrouwerij,beer
Reissdorf,beer
Land Grant,beer
Zywiec,beer
Phjala,beer
Wild Ride,beer
Les Trois Mousquetaires,beer
Franziskaner,beer
Kronenbourg,beer
Julius Echter,beer
Konig,beer
Entitled,beer
Brasserie Dieu Du Ciel,beer
Damm,beer
Haverhill,beer
Cutters,beer
Danny Boy Beer Works,beer
Cerveceria Insurgente,beer
Blue Stallion,beer
Gizmo Brew Works,beer
Turkeyfoot,beer
Pinkus,beer
Brauerei Schwelm,beer
Fat Cat,beer
Rochefort,beer
Westmalle,beer
Whiner,beer
Bosteels,beer
Loverbeer,beer
Brouwerij Smisje,beer
NJ Beer Co,beer
Ridgeway,beer
Thiriez,beer
Straight to Ale,beer
Bruz Beers,beer
Birra del Borgo,beer
Brouwerij Huyghe,beer
Brasserie Val De Sambre,beer
Currahee,beer
Brasserie de Silly,beer
Le Trou du Diable,beer
Moody Ale,beer
Bacchus,beer
Lazy Magnolia,beer
Fosters,beer
Swamp Head,beer
The Brew Kettle,beer
Crux Fermentation Project,beer
Badger Hill,beer
Greene King,beer
Flesk,beer
Fullsteam,beer
Grittys,beer
Burley Oak,beer
Goodwood,beer
Ale Apothecary,beer
Lost Nation,beer
Decadent,beer
Birrificio Italiano,beer
FH Beeworks,beer
Urban Brew Labs,beer
Browns,beer
Big Muddy,beer
Keegan Ales,beer
Diamond Knot,beer
Hubbards Cave,beer
Motorworks,beer
Wyndridge,beer
Pivovar Nchod a.s.,beer
Holsten,beer
Schonramer,beer
Grain Belt,beer
Klosterbrauerei Weltenburg,beer
Pedernales Cellars,beer
Schlossbrauerei Stelzer,beer
Pilsner Urquell,beer
Bitburger,beer
Bavik,beer
Piston Petes,beer
Sol,beer
Kokanee,beer
Milwaukees Best,beer
Old Milwaukee,beer
Taiwan Beer,beer
Arnold Palmer Spiked,beer
Arctic Chill,beer
Maha,beer
Austin Eastciders,beer
Strainge Beast,beer
Wild Tonic,beer
Bask,beer
Gray Duck,beer
SeekOut Hard Seltzer,beer
Walker Brothers Kombucha,beer
Malibu,beer
Wildish,beer
NOCA,beer
Study Break Beverages,beer
Over The Barrel,beer
Redstone Meadery,beer
Mama Bear Hard Kombucha,beer
Smithwicks,beer
Acidulous,beer
WHYM,beer
Bitter Sisters,beer
Six MIle Bridge,beer
Firemans Brew,beer
Menabrea,beer
Asher,beer
Yukon,beer
Garden Path Fermentation,beer
Kawaba,beer
Siren,beer
McSorleys,beer
Public Works Ale,beer
Roots Organic,beer
Leffe,beer
Thomas Hooker,beer
Barley Mow,beer
Triplehorn,beer
Jopen,beer
Camerons,beer
Claremont Craft Ales,beer
Hells Basement,beer
Dru Bru,beer
FreigeistBayerischer Bahnhof,beer
Toms River,beer
Dr. Jekylls,beer
J Dubs,beer
Komes,beer
Mothers,beer
Tyranena,beer
Ocho Reales,beer
Yeastie Boys,beer
Santa Clara,beer
Hoegaarden,beer
Benediktiner,beer
Grapevine,beer
Grizzly Paw,beer
Brasserie Lefebvre,beer
Tennessee Brew Works,beer
Leavenworth Biers,beer
Monkless Belgian Ales,beer
Fuggles Warlock Craftworks,beer
Brauerei Grieskirchner,beer
Texas Big Beer,beer
Kizakura,beer
Kulmbacher Brauerei,beer
Engine 15,beer
Edelweiss,beer
Triporteur,beer
Bayerische Staatsbrauerei Weihenstephan,beer
Pfungstdter Brauerei Hildebrand,beer
Brauerei Aldersbacher,beer
Innstadt Brauerei,beer
Brasserie de Jandrain-Jandrenouille,beer
Spanish Peaks,beer
Seventh Son,beer
Estes Park,beer
Henniker,beer
Pauwel Kwak,beer
Piraat,beer
Palm,beer
Ale Syndicate,beer
Rinkuskiai,beer
Crooked Stave Artisans,beer
BOM brouwerij,beer
Alesong,beer
Big Al,beer
De Struise Brouwers,beer
Wolfs Ridge,beer
Kleinbrouwerij De Glazen Toren,beer
Shady Oak Barrel House,beer
De Garde,beer
Brunehaut,beer
Jessup Farm Barrel House,beer
Brouwerij Bockor N.V.,beer
Stift-Engelzell,beer
Penrose,beer
Buffalo,beer
Brouwerij Van Eecke,beer
Shire Breu-Hous,beer
Lucky Bucket,beer
Brouwerij De Leyerth,beer
Brasserie Fantome,beer
Hopfenstark,beer
The Alchemist,beer
Brouwerijt Verzet,beer
Huisbrouwerij De Halve Maan,beer
Brasserie de lAbbaye des Rocs,beer
Brasserie Dupont,beer
Brouwerij Slaghmuylder,beer
Brasserie Duyck,beer
Birrificio Troll,beer
La Choulette,beer
Rabbits Foot,beer
Baladin,beer
Birra Toccalmatto,beer
Bass,beer
Burning Bros.,beer
Monocacy,beer
Bold City,beer
Wandering Soul Beer,beer
4th Tap,beer
Christian Moerlein,beer
Audacity Brew House,beer
Japas Cervejaria,beer
Shakesbeer,beer
Bayshore,beer
Public Access Liquids,beer
Beer Works,beer
Mollys Spirits,beer
Brouwerij Omer Vander Ghinste Bockor,beer
HaandBryggeriet,beer
Professor Fritz Briem,beer
Crooked Thumb,beer
Panil,beer
Hanssens Artisanaal,beer
Freigeist Bierkultur,beer
Brouwerij de Troch,beer
Green River Ambrosia,beer
Owl Farm,beer
Shelton Brothers,beer
Cervejaria Way Beer,beer
Kiuchi,beer
Brauerei Ried,beer
MAD Beer,beer
King Harbor,beer
Around The Bend,beer
Big Choice,beer
Infamous,beer
Nectar Ales,beer
Bryggeriet Djaevlebryg,beer
Joseph James,beer
Red Racer,beer
Echigo,beer
Kelsen,beer
Epic,beer
Ten Bends Beer,beer
Bench Creek,beer
Maritime,beer
Lagabire,beer
Hop City,beer
Saratoga,beer
Bira 91,beer
Lawsons Finest LiquidsOtter Creek,beer
Mack Jacks,beer
Crowns Hops,beer
Goodlife,beer
Offshore,beer
Muskoka,beer
Session Premium Lager,beer
Cedar Creek,beer
Bridge Road Brewers,beer
Boundary Bay,beer
Craft Artisan Ales,beer
3 Beards,beer
Boojum,beer
Birrificio Toccalmatto,beer
Beer Here,beer
NxNW,beer
Thirsty Miner,beer
Merrimack Ales,beer
Lake Austin Ales,beer
Brauerei Schloss Eggenberg,beer
Birra Moretti,beer
Einbecker,beer
Klosterbrauerei Andechs,beer
Estrella Galicia,beer
Third Shift,beer
Sapporo,beer
Czechvar,beer
Flensburger,beer
Kostritzer,beer
Dinkelacker-Schwabenbraeu AG,beer
ABK,beer
Krlovsk Pivovar Kruovice,beer
Sagres,beer
Dinkelacker-Schwaben Bru,beer
Svyturys,beer
Bocanegra,beer
Old Style Pilsner,beer
Radeberger,beer
Rothaus,beer
Almaza,beer
Pivovar Rakovnik,beer
National Bohemian,beer
Rolling Rock,beer
Kirin,beer
Tsingtao,beer
Presidente Beer,beer
Hamms,beer
Estrella Jalisco,beer
Augustiner-Brau,beer
Okocim,beer
Kingfisher,beer
Lowenbrau,beer
Schlitz,beer
Orion Breweries,beer
East African Breweries,beer
Pearl Beer,beer
Two Lane,beer
Minhas,beer
Ochakovo,beer
Kalik,beer
Browar Amber,beer
Mohan Meakin Breweries,beer
Vizzy,beer
Lone River,beer
ODouls,beer
San Juan Seltzer,beer
Nude Spirits,beer
Docs Draft,beer
Woodchuck,beer
Social Club,beer
Dr. Hops Kombucha,beer
Meridian Hive,beer
Crazy Uncle,beer
Garden Party,beer
Bad Booch,beer
Waveline Seltzer,beer
Makku,beer
LQD,beer
Liefmans,beer
Zima,beer
Social Lite,beer
Breezer,beer
John Dalys,beer
Cascadia Ciderworkers United,beer
Canijilla,beer
Will Wiley Hard Seltzer,beer
Briggs,beer
Root Sellers,beer
Wandering Whistler,beer
Itz Spritz,beer
Yerbuzz,beer
Bold Rock,beer
Honcho Agua Fresca,beer
Drunk Fruit,beer
Thirsty Planet,beer
Ziegenbock,beer
Buckler,beer
Saucy Brew Works,beer
Kaapse Brouwers,beer
TNT,beer
Gjulia,beer
Odin,beer
Cael Crede,beer
Destilo,beer
Fishermans Brew,beer
Hales,beer
Blue Frog Grog Grill,beer
Cervecera Mexicana,beer
BJs Brewhouse,beer
Saint Brendans,beer
11 Below,beer
PranQster,beer
Achel Trappistenabdij,beer
Baja,beer
Cabotella,beer
Bellerose,beer
Mateo Bernabe,beer
La Socarrada,beer
Gunwhale,beer
Moorhouse,beer
Bayhawk Ales,beer
Shotgun Beer,beer
Catch 22,beer
HopFusion Ale Works,beer
Buffalo Bayaou,beer
Gaffel,beer
Sunner,beer
Fruh,beer
Zunft Kolsch,beer
CB Potts,beer
Sion,beer
Browar Witnica,beer
Empyrean,beer
Oy Sinebrychoff Ab,beer
Pripps,beer
Four Winds,beer
Explostion,beer
Battle Road,beer
Ridgeview,beer
Thisted Bryghus,beer
Legend 7,beer
81Bay,beer
Belgian Moon,beer
Zony Mash Beer Project,beer
Blanche de Namur,beer
Schwaben Brau,beer
Braustelle,beer
Overshores,beer
Hofbrauhaus Wolters,beer
Hinterland,beer
Wurzburger Hofbrau,beer
Ale Industries,beer
Brasserie Du Bocq,beer
Cleophus Quealy,beer
Brauerei Braunschweig,beer
Brouwerij Palm,beer
Brauhaus Riegele,beer
Weissbierbrauerei Hopf,beer
Brasserie Saint Germain,beer
Staatsbrauerei Weihenstephan,beer
Aldersbacher,beer
John Martin,beer
Tripel Karmeliet,beer
Brasserie dOrval,beer
Trois Pistoles,beer
Maudite,beer
Brouwerij Rodenbach,beer
St. Sebastiaan,beer
Brouwerij Westvleteren,beer
Dunham,beer
La Guillotine,beer
Seef,beer
Tre Fontane,beer
Mont De Cats,beer
Brouwerij Hof Ten Dormaal,beer
Karmeliet,beer
Mactarnahans,beer
VIcaris,beer
Agner Wolf,beer
Holy Mackerel,beer
Scaldis,beer
3 Monts,beer
Microbrouwerij Achilles,beer
Brasserie Dubuisson Frres sprl,beer
Brasserie St-Feuillien,beer
Herkenrode,beer
Gavroche,beer
Brouwerij Straffe Hendrik,beer
Ichtegem,beer
Slaapmutske,beer
Mosby,beer
Atomium Brouwerij,beer
Roman N.V.,beer
Casa Agria Specialty Ales,beer
Brouwerij De Dochter Van De Korenaar,beer
Brouwerij Gaverhopke,beer
Het Nest,beer
Brouwerij De Halve Maan,beer
Brouwerij Roman,beer
Brasserie Lepers,beer
Brouwerij Malheur,beer
Alina S.R.L,beer
Jessenhofke,beer
Odonata,beer
Birrificio Brton,beer
Brasserie Au Baron,beer
Brasserie Castelain,beer
Brouwerij Van den Bossche,beer
Haw River Farmhouse Ales,beer
Brouwerij Van Honsebrouck,beer
Brouwerij Dilewyns,beer
Het Anker,beer
Mount Arrowsmith,beer
Wintersaison,beer
Zundert,beer
Brouwerij Alken-Maes,beer
Lindemans,beer
Brasserie du Val de Sambre,beer
Bonterra,beer
Jolly Pumpkin Artisan Ales,beer
Boddingtons,beer
Dutchess Ales,beer
Dicks,beer
Sopro,beer
Mannys,beer
Old Blue,beer
Old Golden Hen,beer
Brouwerij Kerkom,beer
Fox Tail,beer
Bellevue,beer
Wells,beer
Bards,beer
Full Tilt,beer
Timothy Taylor,beer
Hatuey,beer
Moritz,beer
Miskatonic,beer
Broughton,beer
Canuck Empire,beer
Royal Oak,beer
Zelus,beer
CapRock,beer
Paper City,beer
Brouwerij Verhaeghe,beer
Domaine Bourgogne-Devaux,beer
Brauhaus Hartmannsdorf GmbH,beer
Silly,beer
88 East Beverage Co,beer
Vanberg Dewulf,beer
La Sirene,beer
Crooked StaveOmnipollo Bianca,beer
Arrowood Farms,beer
Bierkasteel,beer
Wanderlinger,beer
Lambiek Fabriek,beer
Brouwerij Girardin,beer
Brekeriet,beer
Brewbaker,beer
Mort Subtite,beer
Cervecera Del Centro,beer
Praire Artisan Ales,beer
VonSeitz Theoreticales,beer
Beer By Design,beer
Youngs,beer
Murphys,beer
Desnoes Geddes Limited,beer
Stout,beer
McAuslan,beer
Dogfish,beer
Middle Ages,beer
James Page,beer
4 Pines Beer,beer
Timber Ales,beer
Sinclair Breweries,beer
Brasserie des Franches-Montagnes,beer
Marstons,beer
Mackeson,beer
Brasserie Ellezelloise,beer
Olvisholt Brugghus,beer
Green Jack,beer
Devils Trumpet,beer
lgerin Egill Skallagrmsson,beer
Beamish Crawford Plc,beer
Broadside,beer
Sierra,beer
OHaras,beer
Guinness Open Gate,beer
Maine Beer,beer
Big Red,beer
Mantra,beer
Sunshine City,beer
Borale,beer
Dia De Low Muertos,beer
Ribstone Creek,beer
Shed,beer
Manzanita,beer
Stumptown,beer
Brookeville Beer Farm,beer
Terminal Gravity,beer
Sideswipe,beer
Birds Fly South Ale Project,beer
Salvalai,beer
BraufactuM,beer
Brouwerij Van Viven,beer
Brewfist,beer
Towne Park,beer
Big Lug Canteen,beer
CBC,beer
Clown Shoes Beer,beer
Ise Kadoya,beer
Nrrebro Bryghus,beer
The Peoples Pint,beer
Route 2 Brews,beer
Lionstone,beer
Santa Cruz,beer
McEwans,beer
Bowen,beer
Liquid Hero,beer
Two Evil,beer
Prairie,beer
Brazos Valley,beer
Avondale,beer
Jughandle,beer
Buglioni,beer
Chapman Crafted Beer,beer
Local Craft Beer,beer
San Giuseppe,beer
Red Rock,beer
Marlowe,beer
FAB Fermentation Arts,beer
Short Fuse,beer
New Belguim,beer
District 96,beer
Belching Beaver,beer
Spindletap,beer
War Pigs,beer
Prairie Kraft,beer
Twin Sails,beer
Super Bock,beer
Brauerei Hofstetten-Krammer,beer
Samichlaus Helles,beer
Testarossa,beer
Weltenburger,beer
Miltenberger,beer
Bayerischer Bahnhof,beer
Victoria,beer
Redbridge,beer
Dundee,beer
Cerveza Patagonia,beer
Fischer,beer
Real,beer
Xingu,beer
Kcco,beer
Pug Ryans,beer
Rutland Beer Works,beer
Klosterbrauerei Weissenohe,beer
Private Landbrauerei Schnram,beer
Warka,beer
Klosterbrauerei Ettal,beer
St. Pauli Girl,beer
Samson,beer
Revolver,beer
Trumer,beer
Veltins,beer
Martens,beer
Jever,beer
Mongozo,beer
Golden Pheasant,beer
Efes,beer
Perennial Artisan Ales,beer
Staropramen,beer
Kulmbacher,beer
Lederer Brau,beer
Bintang,beer
Tuborg,beer
Darguner Brauerei,beer
Karlovacko,beer
Mesansky pivovar Havlckuv Brod,beer
Cervecera Polar,beer
Brahma,beer
Haymarket,beer
Motor City,beer
Neumarkter Lammsbru,beer
CERPA,beer
Grimm Brothers Brewhouse,beer
Pivovar Klaster,beer
Karlsberg Brauerei,beer
LEV Beer,beer
Cervejaria Cintra,beer
South African Breweries,beer
Ardent Craft Ales,beer
B.W. Beer Works,beer
Trumer Pils,beer
Red Stripe,beer
Landshark,beer
Montucky,beer
Grolsch,beer
Icehouse,beer
Medalla,beer
Lucky Lager,beer
Bohemia,beer
Tiger,beer
Brava,beer
Harp,beer
Olympia,beer
Moretti,beer
Kaliber,beer
Kros Strain,beer
Cervercera,beer
Taj Mahal,beer
Creemore Springs,beer
Bierstadt Lagerhaus,beer
Tyskie,beer
Regia,beer
Stag Beer,beer
Hap Harrys,beer
Mahou,beer
Steinlager,beer
Quilmes,beer
Suprema,beer
Chang,beer
Island Brands USA,beer
Batch 19,beer
Orlison,beer
Montejo,beer
House Beer,beer
Premium Northwest,beer
Cervecera De Barranquilla,beer
Lech,beer
Kooksoondang,beer
Perta Browary,beer
Hinano,beer
Alfa,beer
Flying Horse Royal,beer
Desperados,beer
Carta Blanca,beer
Obolon,beer
Charlie Wells,beer
Lvivska Pivovarnya,beer
Tennent Caledonian Breweries,beer
Sabeco,beer
961 Beer,beer
Pacea,beer
Anheuser,beer
Singha,beer
Brasserie Dunham,beer
Tulum,beer
Wild Peak,beer
Superior,beer
Gordon Biersch,beer
Zakady Piwowarskie w,beer
Alhambra,beer
Manav,beer
Keo,beer
Prvn Budjovick Pivovar Samson,beer
Brasil Krin,beer
Utenos,beer
Browar Namyslow,beer
Black Star,beer
Kilikia,beer
Red Tail,beer
Grimm Lite,beer
Hepworth,beer
Primo,beer
Privatbrauerei Eichbaum,beer
Tucher,beer
Baderbrau,beer
Carib Premium,beer
Reckless Ale Works,beer
Stroh,beer
Niska Pivara,beer
33 Export,beer
Mythos Breweries,beer
Mickeys,beer
Olde English,beer
Dusty Boots,beer
Hurricane,beer
Basic Hard Seltzer,beer
Ace Cider,beer
St Ides,beer
Cape Line,beer
Ciderboys,beer
Snapple,beer
Underwood,beer
Bubs,beer
Fentimans,beer
Bitburger Brauerei Th. Simon,beer
Two Hats,beer
Brauerei Heller-Trum,beer
Boxer Hard Sodas,beer
Wells Young,beer
Lifted Libations,beer
Kauen Craft,beer
Memphis Made,beer
Allkind Hard Kombucha,beer
Hollows Fentimans,beer
Tailspin,beer
VIVE Hard Seltzer,beer
Beaches Hard Seltzer,beer
Kombucha Dog,beer
Wood Buffalo,beer
Wild Blue,beer
Leibinger,beer
VEEV,beer
SQuiela,beer
Clubtails,beer
Locust,beer
Dansk Mjd AS,beer
Ngne Hansa Borg,beer
Wild Black,beer
De Brabandere,beer
Wild Ginger,beer
Tura,beer
Mia,beer
Splash Spiked Sparkling Water,beer
Valentins,beer
High And Mighty,beer
Alera,beer
Brouwerij Wilderen,beer
Delicia,beer
Take Five Hard Seltzer,beer
Greenberrys,beer
Gs Hard Ginger Beer,beer
Franks Fusions,beer
Henrys,beer
Merchants,beer
Zesty Hard Kombucha Seltzer,beer
Brilla Del Borgo,beer
Lammin Sahti Oy,beer
Leireken,beer
Edge,beer
Akos White,beer
Woodstock Inn,beer
Hatch Chile Wines,beer
Artisanal Brew Works,beer
Stack 101,beer
Sparkling Stillwater,beer
Tres 14,beer
Hard Swig,beer
Lone Pint,beer
E40,beer
Slim Chance,beer
Magnum,beer
Blue Norther,beer
Swirl Beverage,beer
Klockow,beer
Blue Norther Hard Seltzer,beer
Gallo,wine
Wine Cube153,wine
Beck's Na,wine
California Roots,wine
Charles Charles,wine
Fancy Pants,wine
Martini Rossi,wine
Sancho Libre,wine
Modern House Wines,wine
VOGA Italia,wine
Michelob Ultra,wine
Risata,wine
Barefoot,wine
Middle Sister,wine
Robert Mondavi Winery,wine
Love Noir,wine
Handsome Devil,wine
Apothic,wine
Promisqous,wine
Beringer,wine
Josh Cellars,wine
Strongbow,wine
Spikedseltzer,wine
Truly Spiked Sparkling,wine
Cupcake Vineyards,wine
George Killian's,wine
Entwine,wine
La Marca,wine
Bogle Vineyards,wine
Black Box,wine
Yellow Tail,wine
Basil Hayden's,wine
Menage A Trois,wine
Davinci,wine
Mirassou,wine
Seagram's,wine
Schmitt Sohne Family Wines,wine
Blue Moon,wine
KINKY,wine
Chateau Ste Michelle,wine
Leinenkugel's,wine
New Belgium,wine
Effen,wine
Sammy's Beach Bar,wine
Miller Genuine Draft,wine
Lolailo,wine
Diseno,wine
Frontera,wine
14 Hands Winery,wine
Meiomi,wine
19 Crimes,wine
Fetzer Valley Oaks,wine
Trump Winery,wine
Wild,wine
Kendall-Jackson,wine
Blackstone Winemaker's Select,wine
Riunite,wine
Carnivor,wine
Bartenura,wine
Luccio,wine
Cruz Garcia,wine
Daily's,wine
Roscato,wine
Patron,wine
Moet Chandon,wine
Scales,wine
Zatarain's,wine
Oreo,wine
Master of Mixes,wine
Powell Mahoney,wine
Mr. & Mrs. T,wine
PongCaddie,wine
Fee Brothers,wine
Zing Zang,wine
Solana Agave,wine
BELLA BOLLE,wine
Carlo Rossi,wine
Stirrings,wine
Mott's,wine
Peychauds,wine
LA MARCA,wine
KNOB CREEK,wine
Admiral Nelson,wine
Martini & Rossi,wine
Bartles & Jaymes,wine
boomchugalug,wine
Goya Food,wine
CHEF'S FINEST,wine
Jim Beam Black,wine
Gerrit Verburg,wine
Canada Dry,wine
Mr. Brown,wine
Rose's,wine
Bar-S,wine
LIBERTY CREEK,wine
Brand Castle,wine
Oak Leaf,wine
HORNITOS,wine
STELLA ROSA,wine
HomeBrewStuff,wine
ONLINE,wine
Pat O'Brien's,wine
Angostura,wine
Great Value,wine
ROCKDALE,wine
EFFEN,wine
VIRGILS,wine
Powerblanket ICE,wine
Urban Moonshine,wine
Dirty Sue,wine
American Beverage,wine
Fever-Tree,wine
Woodbridge,wine
Pain Is Good,wine
Bud Liight Lime,wine
Jack Daniel's,wine
Schweppes,wine
APOTHIC,wine
Bittermens,wine
Gmax,wine
Clos Du Bois,wine
MOGEN DAVID,wine
DUPLIN,wine
CRA-Z-ART,wine
Sam's Choice,wine
WOODFORD RESERVE,wine
DSA,wine
Shasta,wine
De Wafelbakkers,wine
Regatta,wine
Manischewitz,wine
Kalamera,wine
Fiber Choice,wine
BrewCraft,wine
Powell & Mahoney,wine
Belle,wine
Bagel Bites,wine
Mott's Inc.,wine
Regan's,wine
Helados Mexico,wine
Brisk,wine
Home Brew Ohio,wine
Alstertor,wine
Carmex,wine
Roland,wine
Vita,wine
nan,wine
Up Up153,wine
Silver Spring,wine
Vintage Wine Estates,wine
Pickett's,wine
Briess,wine
Trademark Innovations,wine
KooL-Aid,wine
Melitta,wine
Dassai,sake
Kubota,sake
Hakkaisan,sake
Kikusui,sake
Gekkeikan,sake
Sudo Honke,sake
Hakutsuru,sake
Sho Chiku Bai,sake
Dewazakura,sake
Tatenokawa,sake
Masumi,sake
Born,sake
Tedorigawa,sake
Nanbu Bijin,sake
Ichishima,sake
Otokoyama,sake
Fukuju,sake
Tsukasabotan,sake
Juyondai,sake
Tenryo,sake
Kokuryu,sake
Kenbishi,sake
Urakasumi,sake
Koshi No Kanbai,sake
Amanoto,sake
Daishichi,sake
Yaegaki,sake
Otokoyama Honten,sake
Rihaku,sake
Yuki No Bosha,sake
Kirinzan,sake
Kamoshibito Kuheiji,sake
Niigata Meijo,sake
Yamato Shizuku,sake
Takatenjin,sake
Tamagawa,sake
Tengumai,sake
Chokaisan,sake
Konteki,sake
Zaku,sake
Tozai,sake
Hitorimusume,sake
Akishika,sake
Sawanoi,sake
Umenishiki,sake
Crafty Dan,beer
Amigos,beer
Anchor,beer
Ansells,beer
Wychwood,beer
Bath Ales,beer
Beck's,beer
Bedlam,beer
Beerd,beer
Belhaven,beer
Belleville,beer
Bellfield,beer
The London Beer Factory,beer
Berliner,beer
Skinners,beer
Poretti,beer
Oakham Ales,beer
Shepherd Neame,beer
Black Sheep,beer
Bombardier,beer
Boulevard,beer
Brains,beer
Brewgooder,beer
Brooklyn,beer
St Austell,beer
Budweiser Budvar,beer
Kissmeyer,beer
By The Horns,beer
Caffrey's,beer
Caledonia,beer
Caledonian,beer
Camden Town,beer
Celt,beer
Ceriux,beer
Five Grain,beer
Crazy Mountain,beer
Cubanisto,beer
Dark Star,beer
Deeside,beer
Devassa,beer
Sharp's,beer
Drygate,beer
Electric Bear,beer
Einstok,beer
Wadworth,beer
Flowers,beer
Foster's,beer
Founders,beer
Fourpure,beer
Franciscan Well,beer
Fuller's,beer
Fruli,beer
Furstenberg,beer
Fyne Ales,beer
Whitbread,beer
TailGate,beer
Harviestoun,beer
Hawkshead,beer
Marston's,beer
Heverlee,beer
Higson's,beer
Hitachino,beer
Hogs Back,beer
Indian Runner,beer
Innis & Gunn,beer
Jennings,beer
John Smith's,beer
Open Gate,beer
Timothy Taylor's,beer
Kozel,beer
Krusovice,beer
Kwak,beer
La Chouffe,beer
Lagunitas,beer
Lal Toofan,beer
Little Creatures,beer
Lowlander,beer
Machlachlan's,beer
Manns,beer
McEwan's,beer
Meantime,beer
Miller,beer
Modelo,beer
Monteith's,beer
Murphy's,beer
My Generation,beer
Newcastle Brown Ale,beer
Nomad,beer
Old Blue Last,beer
Morland,beer
Palax,beer
Palma Cristal,beer
Pig & Porter,beer
Pistonhead,beer
Point,beer
Polar Monkeys,beer
Porterhouse,beer
Pravha,beer
Redchurch,beer
Revisionist,beer
Ringwood,beer
Hardys & Hansons,beer
Rothhammer,beer
Ruddles,beer
No. 18 Yard Brewhouse,beer
Sadler's Peaky Blinder,beer
Saint,beer
Salitos,beer
San Miguel,beer
Seven Bro7hers,beer
Sharps,beer
Backyard Brew,beer
Siren Craft Brew,beer
Skinny Brands,beer
St Stefanus,beer
Stewart,beer
Younger's,beer
Tennent's,beer
Tetley's,beer
Vic Ale,beer
Theakstons,beer
Tiny Rebel,beer
Toast,beer
Two Fingers,beer
Two Tribes,beer
Vedett,beer
Wainwright,beer
The Wild Beer Co,beer
Worthington,beer
Wylam,beer
Young's,beer
Addlestones,cider
Stone,cider
Angry Orchard,cider
Ashton Press,cider
Aspall,cider
Babycham,cider
Bad Apple,cider
Blackthorn,cider
Blind Pig,cider
Bolee D'Armorique,cider
Brothers,cider
Bulmers,cider
Caple Rd,cider
Carling,cider
Chaumet,cider
CiderBoys,cider
Cidersmiths,cider
Curious,cider
Thatchers,cider
Fizzecco,cider
Friels,cider
Gaymers,cider
Westons,cider
Herrljunga,cider
Kentish Pip,cider
Knights,cider
Kopparberg,cider
La Chouette,cider
Maeloc,cider
Magners,cider
Angioletti,cider
Natch,cider
Old Mout,cider
Orchard Pig,cider
Orchard Thieves,cider
Orpens,cider
Rekorderlig,cider
Sandford Orchards,cider
Sassy Cidre,cider
Savanna,cider
Sheppy's,cider
Somersby,cider
Stowford Press,cider
Sxollie,cider
Symonds,cider
Taunton Traditional Cider,cider
Thistly Cross Cider,cider
Waddlegoose,cider
Whipstitch,cider
Woodpecker,cider
Zeffer,cider
